"dataset","n_items","n_persons","working_model","analysis_model","statistic","method","flagging_rate","null_rate","working_acceptable_fit"
"blum_2018_imak_bin",23,317,"1PL","1PL","lz*","Normal theory",0.0694006309148265,0.0527129337539432,FALSE
"blum_2018_imak_bin",23,317,"1PL","1PL","lz*","Bootstrap",0.0694006309148265,0.0499211356466877,FALSE
"blum_2018_imak_bin",23,317,"1PL","1PL","lz*","Bootstrap by ability",0.0725552050473186,0.0499526813880126,FALSE
"blum_2018_imak_bin",23,317,"1PL","1PL","U*","Normal theory",0.0662460567823344,0.0530757097791798,FALSE
"blum_2018_imak_bin",23,317,"1PL","1PL","U*","Bootstrap",0.0630914826498423,0.0499684542586751,FALSE
"blum_2018_imak_bin",23,317,"1PL","1PL","U*","Bootstrap by ability",0.0662460567823344,0.0498895899053628,FALSE
"blum_2018_imak_bin",23,317,"1PL","1PL","W*","Normal theory",0.056782334384858,0.0440851735015773,FALSE
"blum_2018_imak_bin",23,317,"1PL","1PL","W*","Bootstrap",0.0694006309148265,0.0499842271293375,FALSE
"blum_2018_imak_bin",23,317,"1PL","1PL","W*","Bootstrap by ability",0.056782334384858,0.0500630914826498,FALSE
"blum_2018_imak_bin",23,317,"1PL","1PL","ECI_Z2*","Normal theory",0.0410094637223975,0.0286593059936909,FALSE
"blum_2018_imak_bin",23,317,"1PL","1PL","ECI_Z2*","Bootstrap",0.0536277602523659,0.0500315457413249,FALSE
"blum_2018_imak_bin",23,317,"1PL","1PL","ECI_Z2*","Bootstrap by ability",0.0599369085173502,0.0497318611987382,FALSE
"blum_2018_imak_bin",23,317,"1PL","1PL","ECI_Z4*","Normal theory",0.056782334384858,0.037807570977918,FALSE
"blum_2018_imak_bin",23,317,"1PL","1PL","ECI_Z4*","Bootstrap",0.056782334384858,0.0500946372239748,FALSE
"blum_2018_imak_bin",23,317,"1PL","1PL","ECI_Z4*","Bootstrap by ability",0.056782334384858,0.0499842271293375,FALSE
"blum_2018_imak_bin",23,317,"1PL","2PL","lz*","Normal theory",0.0662460567823344,0.0521293375394322,FALSE
"blum_2018_imak_bin",23,317,"1PL","2PL","lz*","Bootstrap",0.0662460567823344,0.0499526813880126,FALSE
"blum_2018_imak_bin",23,317,"1PL","2PL","lz*","Bootstrap by ability",0.0662460567823344,0.0501419558359621,FALSE
"blum_2018_imak_bin",23,317,"1PL","2PL","U*","Normal theory",0.0536277602523659,0.0492586750788644,FALSE
"blum_2018_imak_bin",23,317,"1PL","2PL","U*","Bootstrap",0.0536277602523659,0.0498895899053628,FALSE
"blum_2018_imak_bin",23,317,"1PL","2PL","U*","Bootstrap by ability",0.0536277602523659,0.0501261829652997,FALSE
"blum_2018_imak_bin",23,317,"1PL","2PL","W*","Normal theory",0.0536277602523659,0.0432492113564669,FALSE
"blum_2018_imak_bin",23,317,"1PL","2PL","W*","Bootstrap",0.056782334384858,0.0500157728706625,FALSE
"blum_2018_imak_bin",23,317,"1PL","2PL","W*","Bootstrap by ability",0.056782334384858,0.0497476340694006,FALSE
"blum_2018_imak_bin",23,317,"1PL","2PL","ECI_Z2*","Normal theory",0.0347003154574132,0.0279337539432177,FALSE
"blum_2018_imak_bin",23,317,"1PL","2PL","ECI_Z2*","Bootstrap",0.0473186119873817,0.0499053627760252,FALSE
"blum_2018_imak_bin",23,317,"1PL","2PL","ECI_Z2*","Bootstrap by ability",0.056782334384858,0.0498422712933754,FALSE
"blum_2018_imak_bin",23,317,"1PL","2PL","ECI_Z4*","Normal theory",0.0441640378548896,0.0359621451104101,FALSE
"blum_2018_imak_bin",23,317,"1PL","2PL","ECI_Z4*","Bootstrap",0.0504731861198738,0.0500946372239748,FALSE
"blum_2018_imak_bin",23,317,"1PL","2PL","ECI_Z4*","Bootstrap by ability",0.0504731861198738,0.0504416403785489,FALSE
"blum_2018_imak_bin",23,317,"1PL","3PL","lz*","Normal theory",0.0662460567823344,0.0545781754574812,FALSE
"blum_2018_imak_bin",23,317,"1PL","3PL","lz*","Bootstrap",0.0630914826498423,0.0500706404736276,FALSE
"blum_2018_imak_bin",23,317,"1PL","3PL","lz*","Bootstrap by ability",0.0630914826498423,0.0495492465016146,FALSE
"blum_2018_imak_bin",23,317,"1PL","3PL","U*","Normal theory",0.0441640378548896,0.0464460702060541,FALSE
"blum_2018_imak_bin",23,317,"1PL","3PL","U*","Bootstrap",0.0473186119873817,0.0498020001342372,FALSE
"blum_2018_imak_bin",23,317,"1PL","3PL","U*","Bootstrap by ability",0.0599369085173502,0.050842338411974,FALSE
"blum_2018_imak_bin",23,317,"1PL","3PL","W*","Normal theory",0.0410094637223975,0.040908785824552,FALSE
"blum_2018_imak_bin",23,317,"1PL","3PL","W*","Bootstrap",0.0504731861198738,0.0500201355795691,FALSE
"blum_2018_imak_bin",23,317,"1PL","3PL","W*","Bootstrap by ability",0.0504731861198738,0.0501543727766964,FALSE
"blum_2018_imak_bin",23,317,"1PL","3PL","ECI_Z2*","Normal theory",0.0378548895899054,0.0278020721205597,FALSE
"blum_2018_imak_bin",23,317,"1PL","3PL","ECI_Z2*","Bootstrap",0.0536277602523659,0.0502388320775027,FALSE
"blum_2018_imak_bin",23,317,"1PL","3PL","ECI_Z2*","Bootstrap by ability",0.0504731861198738,0.0500874596340151,FALSE
"blum_2018_imak_bin",23,317,"1PL","3PL","ECI_Z4*","Normal theory",0.0410094637223975,0.0366825888051668,FALSE
"blum_2018_imak_bin",23,317,"1PL","3PL","ECI_Z4*","Bootstrap",0.0536277602523659,0.0499360871905275,FALSE
"blum_2018_imak_bin",23,317,"1PL","3PL","ECI_Z4*","Bootstrap by ability",0.0536277602523659,0.05005382131324,FALSE
"cdm_ecpe",28,2922,"2PL","1PL","lz*","Normal theory",0.0612594113620808,0.0502737850787132,TRUE
"cdm_ecpe",28,2922,"2PL","1PL","lz*","Bootstrap",0.0605749486652977,0.0499828884325804,TRUE
"cdm_ecpe",28,2922,"2PL","1PL","lz*","Bootstrap by ability",0.0598904859685147,0.0500205338809035,TRUE
"cdm_ecpe",28,2922,"2PL","1PL","U*","Normal theory",0.0653661875427789,0.0561858316221766,TRUE
"cdm_ecpe",28,2922,"2PL","1PL","U*","Bootstrap",0.0588637919233402,0.0499914442162902,TRUE
"cdm_ecpe",28,2922,"2PL","1PL","U*","Bootstrap by ability",0.0605749486652977,0.0500718685831622,TRUE
"cdm_ecpe",28,2922,"2PL","1PL","W*","Normal theory",0.0492813141683778,0.045361054072553,TRUE
"cdm_ecpe",28,2922,"2PL","1PL","W*","Bootstrap",0.0537303216974675,0.0500290896646133,TRUE
"cdm_ecpe",28,2922,"2PL","1PL","W*","Bootstrap by ability",0.0581793292265571,0.0500068446269678,TRUE
"cdm_ecpe",28,2922,"2PL","1PL","ECI_Z2*","Normal theory",0.0434633812457221,0.0384377138945927,TRUE
"cdm_ecpe",28,2922,"2PL","1PL","ECI_Z2*","Bootstrap",0.0571526351813826,0.0500239561943874,TRUE
"cdm_ecpe",28,2922,"2PL","1PL","ECI_Z2*","Bootstrap by ability",0.0622861054072553,0.0499144421629021,TRUE
"cdm_ecpe",28,2922,"2PL","1PL","ECI_Z4*","Normal theory",0.0465434633812457,0.0424041752224504,TRUE
"cdm_ecpe",28,2922,"2PL","1PL","ECI_Z4*","Bootstrap",0.0568104038329911,0.0499863107460643,TRUE
"cdm_ecpe",28,2922,"2PL","1PL","ECI_Z4*","Bootstrap by ability",0.0574948665297741,0.0501420260095825,TRUE
"cdm_ecpe",28,2922,"2PL","2PL","lz*","Normal theory",0.0643394934976044,0.0524469541409993,TRUE
"cdm_ecpe",28,2922,"2PL","2PL","lz*","Bootstrap",0.0626283367556468,0.0499435318275154,TRUE
"cdm_ecpe",28,2922,"2PL","2PL","lz*","Bootstrap by ability",0.0622861054072553,0.0500325119780972,TRUE
"cdm_ecpe",28,2922,"2PL","2PL","U*","Normal theory",0.0691307323750856,0.0569216290212183,TRUE
"cdm_ecpe",28,2922,"2PL","2PL","U*","Bootstrap",0.0619438740588638,0.0499914442162902,TRUE
"cdm_ecpe",28,2922,"2PL","2PL","U*","Bootstrap by ability",0.0622861054072553,0.0500530458590007,TRUE
"cdm_ecpe",28,2922,"2PL","2PL","W*","Normal theory",0.0503080082135524,0.0459206023271732,TRUE
"cdm_ecpe",28,2922,"2PL","2PL","W*","Bootstrap",0.0581793292265571,0.0500667351129363,TRUE
"cdm_ecpe",28,2922,"2PL","2PL","W*","Bootstrap by ability",0.0612594113620808,0.050160848733744,TRUE
"cdm_ecpe",28,2922,"2PL","2PL","ECI_Z2*","Normal theory",0.0403832991101985,0.0369267624914442,TRUE
"cdm_ecpe",28,2922,"2PL","2PL","ECI_Z2*","Bootstrap",0.0550992470910335,0.0500273785078713,TRUE
"cdm_ecpe",28,2922,"2PL","2PL","ECI_Z2*","Bootstrap by ability",0.054072553045859,0.0500667351129363,TRUE
"cdm_ecpe",28,2922,"2PL","2PL","ECI_Z4*","Normal theory",0.0496235455167693,0.0450188227241615,TRUE
"cdm_ecpe",28,2922,"2PL","2PL","ECI_Z4*","Bootstrap",0.0537303216974675,0.0500342231348391,TRUE
"cdm_ecpe",28,2922,"2PL","2PL","ECI_Z4*","Bootstrap by ability",0.0523613963039014,0.0501557152635181,TRUE
"cdm_ecpe",28,2922,"2PL","3PL","lz*","Normal theory",0.0619438740588638,0.0521834360027379,TRUE
"cdm_ecpe",28,2922,"2PL","3PL","lz*","Bootstrap",0.0598904859685147,0.0500290896646133,TRUE
"cdm_ecpe",28,2922,"2PL","3PL","lz*","Bootstrap by ability",0.0592060232717317,0.0499709103353867,TRUE
"cdm_ecpe",28,2922,"2PL","3PL","U*","Normal theory",0.068788501026694,0.0559428473648186,TRUE
"cdm_ecpe",28,2922,"2PL","3PL","U*","Bootstrap",0.0605749486652977,0.0500171115674196,TRUE
"cdm_ecpe",28,2922,"2PL","3PL","U*","Bootstrap by ability",0.0598904859685147,0.05,TRUE
"cdm_ecpe",28,2922,"2PL","3PL","W*","Normal theory",0.0520191649555099,0.0454962354551677,TRUE
"cdm_ecpe",28,2922,"2PL","3PL","W*","Bootstrap",0.0571526351813826,0.0500068446269678,TRUE
"cdm_ecpe",28,2922,"2PL","3PL","W*","Bootstrap by ability",0.0561259411362081,0.0499845995893224,TRUE
"cdm_ecpe",28,2922,"2PL","3PL","ECI_Z2*","Normal theory",0.0403832991101985,0.0373254620123203,TRUE
"cdm_ecpe",28,2922,"2PL","3PL","ECI_Z2*","Bootstrap",0.0564681724845996,0.0500085557837098,TRUE
"cdm_ecpe",28,2922,"2PL","3PL","ECI_Z2*","Bootstrap by ability",0.0550992470910335,0.0500752908966461,TRUE
"cdm_ecpe",28,2922,"2PL","3PL","ECI_Z4*","Normal theory",0.0537303216974675,0.0453867214236824,TRUE
"cdm_ecpe",28,2922,"2PL","3PL","ECI_Z4*","Bootstrap",0.0561259411362081,0.0500239561943874,TRUE
"cdm_ecpe",28,2922,"2PL","3PL","ECI_Z4*","Bootstrap by ability",0.0578370978781656,0.0499161533196441,TRUE
"cdm_timss03",23,757,"2PL","1PL","lz*","Normal theory",0.0660501981505945,0.0531638044914135,TRUE
"cdm_timss03",23,757,"2PL","1PL","lz*","Bootstrap",0.0634081902245707,0.0500396301188904,TRUE
"cdm_timss03",23,757,"2PL","1PL","lz*","Bootstrap by ability",0.0647291941875826,0.0499405548216645,TRUE
"cdm_timss03",23,757,"2PL","1PL","U*","Normal theory",0.0581241743725231,0.0535072655217966,TRUE
"cdm_timss03",23,757,"2PL","1PL","U*","Bootstrap",0.0568031704095112,0.0499405548216645,TRUE
"cdm_timss03",23,757,"2PL","1PL","U*","Bootstrap by ability",0.0581241743725231,0.0499603698811096,TRUE
"cdm_timss03",23,757,"2PL","1PL","W*","Normal theory",0.0541611624834875,0.0477014531043593,TRUE
"cdm_timss03",23,757,"2PL","1PL","W*","Bootstrap",0.0581241743725231,0.0500528401585205,TRUE
"cdm_timss03",23,757,"2PL","1PL","W*","Bootstrap by ability",0.0581241743725231,0.0501981505944518,TRUE
"cdm_timss03",23,757,"2PL","1PL","ECI_Z2*","Normal theory",0.0383091149273448,0.0368295904887715,TRUE
"cdm_timss03",23,757,"2PL","1PL","ECI_Z2*","Bootstrap",0.0607661822985469,0.0499933949801849,TRUE
"cdm_timss03",23,757,"2PL","1PL","ECI_Z2*","Bootstrap by ability",0.0607661822985469,0.0500858652575958,TRUE
"cdm_timss03",23,757,"2PL","1PL","ECI_Z4*","Normal theory",0.0488771466314399,0.043996036988111,TRUE
"cdm_timss03",23,757,"2PL","1PL","ECI_Z4*","Bootstrap",0.0607661822985469,0.0499405548216645,TRUE
"cdm_timss03",23,757,"2PL","1PL","ECI_Z4*","Bootstrap by ability",0.059445178335535,0.0502972258916777,TRUE
"cdm_timss03",23,757,"2PL","2PL","lz*","Normal theory",0.0673712021136063,0.0533223249669749,TRUE
"cdm_timss03",23,757,"2PL","2PL","lz*","Bootstrap",0.0581241743725231,0.0500198150594452,TRUE
"cdm_timss03",23,757,"2PL","2PL","lz*","Bootstrap by ability",0.0660501981505945,0.0501387054161163,TRUE
"cdm_timss03",23,757,"2PL","2PL","U*","Normal theory",0.0422721268163805,0.0404623513870542,TRUE
"cdm_timss03",23,757,"2PL","2PL","U*","Bootstrap",0.0568031704095112,0.050112285336856,TRUE
"cdm_timss03",23,757,"2PL","2PL","U*","Bootstrap by ability",0.0634081902245707,0.0500198150594452,TRUE
"cdm_timss03",23,757,"2PL","2PL","W*","Normal theory",0.0528401585204756,0.0459841479524439,TRUE
"cdm_timss03",23,757,"2PL","2PL","W*","Bootstrap",0.059445178335535,0.0500528401585205,TRUE
"cdm_timss03",23,757,"2PL","2PL","W*","Bootstrap by ability",0.0607661822985469,0.0501783355350066,TRUE
"cdm_timss03",23,757,"2PL","2PL","ECI_Z2*","Normal theory",0.0330250990752972,0.034887714663144,TRUE
"cdm_timss03",23,757,"2PL","2PL","ECI_Z2*","Bootstrap",0.0568031704095112,0.0502113606340819,TRUE
"cdm_timss03",23,757,"2PL","2PL","ECI_Z2*","Bootstrap by ability",0.0568031704095112,0.0501056803170409,TRUE
"cdm_timss03",23,757,"2PL","2PL","ECI_Z4*","Normal theory",0.047556142668428,0.0434214002642008,TRUE
"cdm_timss03",23,757,"2PL","2PL","ECI_Z4*","Bootstrap",0.0554821664464993,0.0499537648612946,TRUE
"cdm_timss03",23,757,"2PL","2PL","ECI_Z4*","Bootstrap by ability",0.0620871862615588,0.0501453104359313,TRUE
"cdm_timss03",23,757,"2PL","3PL","lz*","Normal theory",0.0647291941875826,0.0530911492734478,TRUE
"cdm_timss03",23,757,"2PL","3PL","lz*","Bootstrap",0.059445178335535,0.0501387054161163,TRUE
"cdm_timss03",23,757,"2PL","3PL","lz*","Bootstrap by ability",0.0634081902245707,0.0500066050198151,TRUE
"cdm_timss03",23,757,"2PL","3PL","U*","Normal theory",0.0369881109643329,0.0407133421400264,TRUE
"cdm_timss03",23,757,"2PL","3PL","U*","Bootstrap",0.0488771466314399,0.0500132100396301,TRUE
"cdm_timss03",23,757,"2PL","3PL","U*","Bootstrap by ability",0.0422721268163805,0.05,TRUE
"cdm_timss03",23,757,"2PL","3PL","W*","Normal theory",0.0541611624834875,0.0439498018494055,TRUE
"cdm_timss03",23,757,"2PL","3PL","W*","Bootstrap",0.0607661822985469,0.0500924702774108,TRUE
"cdm_timss03",23,757,"2PL","3PL","W*","Bootstrap by ability",0.0620871862615588,0.0500198150594452,TRUE
"cdm_timss03",23,757,"2PL","3PL","ECI_Z2*","Normal theory",0.0330250990752972,0.0331836195508587,TRUE
"cdm_timss03",23,757,"2PL","3PL","ECI_Z2*","Bootstrap",0.0528401585204756,0.0500330250990753,TRUE
"cdm_timss03",23,757,"2PL","3PL","ECI_Z2*","Bootstrap by ability",0.0449141347424042,0.050224570673712,TRUE
"cdm_timss03",23,757,"2PL","3PL","ECI_Z4*","Normal theory",0.0515191545574637,0.0422391017173052,TRUE
"cdm_timss03",23,757,"2PL","3PL","ECI_Z4*","Bootstrap",0.0568031704095112,0.0499933949801849,TRUE
"cdm_timss03",23,757,"2PL","3PL","ECI_Z4*","Bootstrap by ability",0.0554821664464993,0.0500462351387054,TRUE
"difnlr_msatb",20,1407,"2PL","1PL","lz*","Normal theory",0.0611229566453447,0.0532587064676617,TRUE
"difnlr_msatb",20,1407,"2PL","1PL","lz*","Bootstrap",0.0589907604832978,0.0500817341862118,TRUE
"difnlr_msatb",20,1407,"2PL","1PL","lz*","Bootstrap by ability",0.0575692963752665,0.0500959488272921,TRUE
"difnlr_msatb",20,1407,"2PL","1PL","U*","Normal theory",0.0639658848614073,0.054271499644634,TRUE
"difnlr_msatb",20,1407,"2PL","1PL","U*","Bootstrap",0.0618336886993603,0.0500035536602701,TRUE
"difnlr_msatb",20,1407,"2PL","1PL","U*","Bootstrap by ability",0.0589907604832978,0.0500284292821606,TRUE
"difnlr_msatb",20,1407,"2PL","1PL","W*","Normal theory",0.0511727078891258,0.0444207533759773,TRUE
"difnlr_msatb",20,1407,"2PL","1PL","W*","Bootstrap",0.0632551528073916,0.0499715707178394,TRUE
"difnlr_msatb",20,1407,"2PL","1PL","W*","Bootstrap by ability",0.0597014925373134,0.0500995024875622,TRUE
"difnlr_msatb",20,1407,"2PL","1PL","ECI_Z2*","Normal theory",0.0412224591329069,0.0321215351812367,TRUE
"difnlr_msatb",20,1407,"2PL","1PL","ECI_Z2*","Bootstrap",0.0611229566453447,0.0500639658848614,TRUE
"difnlr_msatb",20,1407,"2PL","1PL","ECI_Z2*","Bootstrap by ability",0.0646766169154229,0.0499644633972992,TRUE
"difnlr_msatb",20,1407,"2PL","1PL","ECI_Z4*","Normal theory",0.0476190476190476,0.0400746268656716,TRUE
"difnlr_msatb",20,1407,"2PL","1PL","ECI_Z4*","Bootstrap",0.0589907604832978,0.0499928926794598,TRUE
"difnlr_msatb",20,1407,"2PL","1PL","ECI_Z4*","Bootstrap by ability",0.062544420753376,0.0500497512437811,TRUE
"difnlr_msatb",20,1407,"2PL","2PL","lz*","Normal theory",0.0639658848614073,0.053816631130064,TRUE
"difnlr_msatb",20,1407,"2PL","2PL","lz*","Bootstrap",0.0575692963752665,0.0501243781094527,TRUE
"difnlr_msatb",20,1407,"2PL","2PL","lz*","Bootstrap by ability",0.0568585643212509,0.0500426439232409,TRUE
"difnlr_msatb",20,1407,"2PL","2PL","U*","Normal theory",0.0675195451314854,0.0562544420753376,TRUE
"difnlr_msatb",20,1407,"2PL","2PL","U*","Bootstrap",0.0575692963752665,0.0500426439232409,TRUE
"difnlr_msatb",20,1407,"2PL","2PL","U*","Bootstrap by ability",0.0561478322672353,0.0501030561478323,TRUE
"difnlr_msatb",20,1407,"2PL","2PL","W*","Normal theory",0.0554371002132196,0.0437313432835821,TRUE
"difnlr_msatb",20,1407,"2PL","2PL","W*","Bootstrap",0.062544420753376,0.0499715707178394,TRUE
"difnlr_msatb",20,1407,"2PL","2PL","W*","Bootstrap by ability",0.0589907604832978,0.0500533049040512,TRUE
"difnlr_msatb",20,1407,"2PL","2PL","ECI_Z2*","Normal theory",0.03909026297086,0.0293070362473348,TRUE
"difnlr_msatb",20,1407,"2PL","2PL","ECI_Z2*","Bootstrap",0.0618336886993603,0.0499715707178394,TRUE
"difnlr_msatb",20,1407,"2PL","2PL","ECI_Z2*","Bootstrap by ability",0.0653873489694385,0.05,TRUE
"difnlr_msatb",20,1407,"2PL","2PL","ECI_Z4*","Normal theory",0.0540156361051883,0.0413468372423596,TRUE
"difnlr_msatb",20,1407,"2PL","2PL","ECI_Z4*","Bootstrap",0.0646766169154229,0.0500568585643213,TRUE
"difnlr_msatb",20,1407,"2PL","2PL","ECI_Z4*","Bootstrap by ability",0.0611229566453447,0.0500817341862118,TRUE
"difnlr_msatb",20,1407,"2PL","3PL","lz*","Normal theory",0.0568585643212509,0.052043354655295,TRUE
"difnlr_msatb",20,1407,"2PL","3PL","lz*","Bootstrap",0.0540156361051883,0.050046197583511,TRUE
"difnlr_msatb",20,1407,"2PL","3PL","lz*","Bootstrap by ability",0.054726368159204,0.0501528073916134,TRUE
"difnlr_msatb",20,1407,"2PL","3PL","U*","Normal theory",0.0476190476190476,0.0512046908315565,TRUE
"difnlr_msatb",20,1407,"2PL","3PL","U*","Bootstrap",0.0476190476190476,0.0499431414356787,TRUE
"difnlr_msatb",20,1407,"2PL","3PL","U*","Bootstrap by ability",0.0504619758351102,0.0500604122245913,TRUE
"difnlr_msatb",20,1407,"2PL","3PL","W*","Normal theory",0.0511727078891258,0.0427185501066098,TRUE
"difnlr_msatb",20,1407,"2PL","3PL","W*","Bootstrap",0.0568585643212509,0.0499324804548685,TRUE
"difnlr_msatb",20,1407,"2PL","3PL","W*","Bootstrap by ability",0.0582800284292822,0.0499040511727079,TRUE
"difnlr_msatb",20,1407,"2PL","3PL","ECI_Z2*","Normal theory",0.0305614783226724,0.0284044065387349,TRUE
"difnlr_msatb",20,1407,"2PL","3PL","ECI_Z2*","Bootstrap",0.0597014925373134,0.0500142146410803,TRUE
"difnlr_msatb",20,1407,"2PL","3PL","ECI_Z2*","Bootstrap by ability",0.062544420753376,0.050181236673774,TRUE
"difnlr_msatb",20,1407,"2PL","3PL","ECI_Z4*","Normal theory",0.0426439232409382,0.0399609097370291,TRUE
"difnlr_msatb",20,1407,"2PL","3PL","ECI_Z4*","Bootstrap",0.0525941719971571,0.0499431414356787,TRUE
"difnlr_msatb",20,1407,"2PL","3PL","ECI_Z4*","Bootstrap by ability",0.0504619758351102,0.0499964463397299,TRUE
"experimental_iq",25,192,"1PL","1PL","lz*","Normal theory",0.109375,0.05328125,FALSE
"experimental_iq",25,192,"1PL","1PL","lz*","Bootstrap",0.109375,0.05,FALSE
"experimental_iq",25,192,"1PL","1PL","lz*","Bootstrap by ability",0.109375,0.0501302083333333,FALSE
"experimental_iq",25,192,"1PL","1PL","U*","Normal theory",0.104166666666667,0.05484375,FALSE
"experimental_iq",25,192,"1PL","1PL","U*","Bootstrap",0.104166666666667,0.0499739583333333,FALSE
"experimental_iq",25,192,"1PL","1PL","U*","Bootstrap by ability",0.104166666666667,0.05,FALSE
"experimental_iq",25,192,"1PL","1PL","W*","Normal theory",0.0885416666666667,0.0485416666666667,FALSE
"experimental_iq",25,192,"1PL","1PL","W*","Bootstrap",0.0885416666666667,0.0500520833333333,FALSE
"experimental_iq",25,192,"1PL","1PL","W*","Bootstrap by ability",0.0885416666666667,0.050234375,FALSE
"experimental_iq",25,192,"1PL","1PL","ECI_Z2*","Normal theory",0.0625,0.03265625,FALSE
"experimental_iq",25,192,"1PL","1PL","ECI_Z2*","Bootstrap",0.09375,0.0501041666666667,FALSE
"experimental_iq",25,192,"1PL","1PL","ECI_Z2*","Bootstrap by ability",0.0885416666666667,0.0500260416666667,FALSE
"experimental_iq",25,192,"1PL","1PL","ECI_Z4*","Normal theory",0.0885416666666667,0.0427864583333333,FALSE
"experimental_iq",25,192,"1PL","1PL","ECI_Z4*","Bootstrap",0.0885416666666667,0.0499479166666667,FALSE
"experimental_iq",25,192,"1PL","1PL","ECI_Z4*","Bootstrap by ability",0.0885416666666667,0.0503125,FALSE
"experimental_iq",25,192,"1PL","2PL","lz*","Normal theory",0.0989583333333333,0.0529166666666667,FALSE
"experimental_iq",25,192,"1PL","2PL","lz*","Bootstrap",0.0885416666666667,0.0502604166666667,FALSE
"experimental_iq",25,192,"1PL","2PL","lz*","Bootstrap by ability",0.104166666666667,0.05015625,FALSE
"experimental_iq",25,192,"1PL","2PL","U*","Normal theory",0.046875,0.0466145833333333,FALSE
"experimental_iq",25,192,"1PL","2PL","U*","Bootstrap",0.046875,0.0501302083333333,FALSE
"experimental_iq",25,192,"1PL","2PL","U*","Bootstrap by ability",0.0572916666666667,0.05015625,FALSE
"experimental_iq",25,192,"1PL","2PL","W*","Normal theory",0.046875,0.04703125,FALSE
"experimental_iq",25,192,"1PL","2PL","W*","Bootstrap",0.046875,0.0501822916666667,FALSE
"experimental_iq",25,192,"1PL","2PL","W*","Bootstrap by ability",0.046875,0.0504166666666667,FALSE
"experimental_iq",25,192,"1PL","2PL","ECI_Z2*","Normal theory",0.046875,0.03140625,FALSE
"experimental_iq",25,192,"1PL","2PL","ECI_Z2*","Bootstrap",0.0572916666666667,0.050078125,FALSE
"experimental_iq",25,192,"1PL","2PL","ECI_Z2*","Bootstrap by ability",0.0729166666666667,0.0501302083333333,FALSE
"experimental_iq",25,192,"1PL","2PL","ECI_Z4*","Normal theory",0.046875,0.0408333333333333,FALSE
"experimental_iq",25,192,"1PL","2PL","ECI_Z4*","Bootstrap",0.0625,0.0498958333333333,FALSE
"experimental_iq",25,192,"1PL","2PL","ECI_Z4*","Bootstrap by ability",0.0625,0.0503645833333333,FALSE
"experimental_iq",25,192,"1PL","3PL","lz*","Normal theory",0.0785340314136126,0.0556123940368313,FALSE
"experimental_iq",25,192,"1PL","3PL","lz*","Bootstrap",0.0732984293193717,0.0497296112247881,FALSE
"experimental_iq",25,192,"1PL","3PL","lz*","Bootstrap by ability",0.0680628272251309,0.0500219234142064,FALSE
"experimental_iq",25,192,"1PL","3PL","U*","Normal theory",0.0364583333333333,0.0420308857808858,FALSE
"experimental_iq",25,192,"1PL","3PL","U*","Bootstrap",0.046875,0.0501893939393939,FALSE
"experimental_iq",25,192,"1PL","3PL","U*","Bootstrap by ability",0.0520833333333333,0.0515734265734266,FALSE
"experimental_iq",25,192,"1PL","3PL","W*","Normal theory",0.0520833333333333,0.0434513403263403,FALSE
"experimental_iq",25,192,"1PL","3PL","W*","Bootstrap",0.0677083333333333,0.0496430652680653,FALSE
"experimental_iq",25,192,"1PL","3PL","W*","Bootstrap by ability",0.0572916666666667,0.0507357226107226,FALSE
"experimental_iq",25,192,"1PL","3PL","ECI_Z2*","Normal theory",0.0157068062827225,0.0309485530546624,FALSE
"experimental_iq",25,192,"1PL","3PL","ECI_Z2*","Bootstrap",0.0523560209424084,0.0500219234142064,FALSE
"experimental_iq",25,192,"1PL","3PL","ECI_Z2*","Bootstrap by ability",0.0680628272251309,0.0502411575562701,FALSE
"experimental_iq",25,192,"1PL","3PL","ECI_Z4*","Normal theory",0.0471204188481675,0.0420198772288804,FALSE
"experimental_iq",25,192,"1PL","3PL","ECI_Z4*","Bootstrap",0.0628272251308901,0.0500584624378837,FALSE
"experimental_iq",25,192,"1PL","3PL","ECI_Z4*","Bootstrap by ability",0.0575916230366492,0.0506430868167203,FALSE
"frac20",20,536,"2PL","1PL","lz*","Normal theory",0.0895522388059701,0.0657462686567164,FALSE
"frac20",20,536,"2PL","1PL","lz*","Bootstrap",0.0671641791044776,0.049990671641791,FALSE
"frac20",20,536,"2PL","1PL","lz*","Bootstrap by ability",0.0764925373134328,0.0503171641791045,FALSE
"frac20",20,536,"2PL","1PL","U*","Normal theory",0.0708955223880597,0.055214552238806,FALSE
"frac20",20,536,"2PL","1PL","U*","Bootstrap",0.0671641791044776,0.0500186567164179,FALSE
"frac20",20,536,"2PL","1PL","U*","Bootstrap by ability",0.0634328358208955,0.0501305970149254,FALSE
"frac20",20,536,"2PL","1PL","W*","Normal theory",0.0746268656716418,0.0464085820895522,FALSE
"frac20",20,536,"2PL","1PL","W*","Bootstrap",0.0802238805970149,0.050009328358209,FALSE
"frac20",20,536,"2PL","1PL","W*","Bootstrap by ability",0.0690298507462687,0.0501026119402985,FALSE
"frac20",20,536,"2PL","1PL","ECI_Z2*","Normal theory",0.0541044776119403,0.0283768656716418,FALSE
"frac20",20,536,"2PL","1PL","ECI_Z2*","Bootstrap",0.0876865671641791,0.0499813432835821,FALSE
"frac20",20,536,"2PL","1PL","ECI_Z2*","Bootstrap by ability",0.0746268656716418,0.0500559701492537,FALSE
"frac20",20,536,"2PL","1PL","ECI_Z4*","Normal theory",0.0708955223880597,0.0421641791044776,FALSE
"frac20",20,536,"2PL","1PL","ECI_Z4*","Bootstrap",0.083955223880597,0.0500279850746269,FALSE
"frac20",20,536,"2PL","1PL","ECI_Z4*","Bootstrap by ability",0.0690298507462687,0.0497574626865672,FALSE
"frac20",20,536,"2PL","2PL","lz*","Normal theory",0.0802238805970149,0.0455597014925373,FALSE
"frac20",20,536,"2PL","2PL","lz*","Bootstrap",0.083955223880597,0.0500652985074627,FALSE
"frac20",20,536,"2PL","2PL","lz*","Bootstrap by ability",0.0876865671641791,0.0500746268656716,FALSE
"frac20",20,536,"2PL","2PL","U*","Normal theory",0.0466417910447761,0.0291231343283582,FALSE
"frac20",20,536,"2PL","2PL","U*","Bootstrap",0.0783582089552239,0.0500466417910448,FALSE
"frac20",20,536,"2PL","2PL","U*","Bootstrap by ability",0.0727611940298507,0.0499626865671642,FALSE
"frac20",20,536,"2PL","2PL","W*","Normal theory",0.0615671641791045,0.0375,FALSE
"frac20",20,536,"2PL","2PL","W*","Bootstrap",0.0764925373134328,0.0499440298507463,FALSE
"frac20",20,536,"2PL","2PL","W*","Bootstrap by ability",0.0951492537313433,0.0503171641791045,FALSE
"frac20",20,536,"2PL","2PL","ECI_Z2*","Normal theory",0.041044776119403,0.0184608208955224,FALSE
"frac20",20,536,"2PL","2PL","ECI_Z2*","Bootstrap",0.0783582089552239,0.0500652985074627,FALSE
"frac20",20,536,"2PL","2PL","ECI_Z2*","Bootstrap by ability",0.0858208955223881,0.0499626865671642,FALSE
"frac20",20,536,"2PL","2PL","ECI_Z4*","Normal theory",0.082089552238806,0.036044776119403,FALSE
"frac20",20,536,"2PL","2PL","ECI_Z4*","Bootstrap",0.0932835820895522,0.0500559701492537,FALSE
"frac20",20,536,"2PL","2PL","ECI_Z4*","Bootstrap by ability",0.0802238805970149,0.0505690298507463,FALSE
"frac20",20,536,"2PL","3PL","lz*","Normal theory",0.0764925373134328,0.0476294995610184,FALSE
"frac20",20,536,"2PL","3PL","lz*","Bootstrap",0.0783582089552239,0.0502434352302658,FALSE
"frac20",20,536,"2PL","3PL","lz*","Bootstrap by ability",0.0802238805970149,0.0503032963524623,FALSE
"frac20",20,536,"2PL","3PL","U*","Normal theory",0.0466417910447761,0.0281247505786575,FALSE
"frac20",20,536,"2PL","3PL","U*","Bootstrap",0.0727611940298507,0.0501237129858728,FALSE
"frac20",20,536,"2PL","3PL","U*","Bootstrap by ability",0.0727611940298507,0.0500039907414798,FALSE
"frac20",20,536,"2PL","3PL","W*","Normal theory",0.0764925373134328,0.0364155160028733,FALSE
"frac20",20,536,"2PL","3PL","W*","Bootstrap",0.083955223880597,0.0499940138877804,FALSE
"frac20",20,536,"2PL","3PL","W*","Bootstrap by ability",0.0746268656716418,0.049794476813792,FALSE
"frac20",20,536,"2PL","3PL","ECI_Z2*","Normal theory",0.042910447761194,0.0186567164179104,FALSE
"frac20",20,536,"2PL","3PL","ECI_Z2*","Bootstrap",0.0783582089552239,0.0499740601803815,FALSE
"frac20",20,536,"2PL","3PL","ECI_Z2*","Bootstrap by ability",0.0615671641791045,0.0500538750099769,FALSE
"frac20",20,536,"2PL","3PL","ECI_Z4*","Normal theory",0.0783582089552239,0.0352781546811398,FALSE
"frac20",20,536,"2PL","3PL","ECI_Z4*","Bootstrap",0.0876865671641791,0.0499840370340809,FALSE
"frac20",20,536,"2PL","3PL","ECI_Z4*","Bootstrap by ability",0.0764925373134328,0.0497445925452949,FALSE
"g308_sirt",20,747,"2PL","1PL","lz*","Normal theory",0.07095046854083,0.0672423025435074,TRUE
"g308_sirt",20,747,"2PL","1PL","lz*","Bootstrap",0.0562248995983936,0.0499598393574297,TRUE
"g308_sirt",20,747,"2PL","1PL","lz*","Bootstrap by ability",0.0575635876840696,0.0501740294511379,TRUE
"g308_sirt",20,747,"2PL","1PL","U*","Normal theory",0.0589022757697457,0.0628714859437751,TRUE
"g308_sirt",20,747,"2PL","1PL","U*","Bootstrap",0.0455153949129853,0.0500334672021419,TRUE
"g308_sirt",20,747,"2PL","1PL","U*","Bootstrap by ability",0.0455153949129853,0.0499732262382865,TRUE
"g308_sirt",20,747,"2PL","1PL","W*","Normal theory",0.0629183400267738,0.0481459170013387,TRUE
"g308_sirt",20,747,"2PL","1PL","W*","Bootstrap",0.07095046854083,0.049805890227577,TRUE
"g308_sirt",20,747,"2PL","1PL","W*","Bootstrap by ability",0.07095046854083,0.0501807228915663,TRUE
"g308_sirt",20,747,"2PL","1PL","ECI_Z2*","Normal theory",0.0334672021419009,0.024471218206158,TRUE
"g308_sirt",20,747,"2PL","1PL","ECI_Z2*","Bootstrap",0.069611780455154,0.0499799196787149,TRUE
"g308_sirt",20,747,"2PL","1PL","ECI_Z2*","Bootstrap by ability",0.069611780455154,0.0504016064257028,TRUE
"g308_sirt",20,747,"2PL","1PL","ECI_Z4*","Normal theory",0.0629183400267738,0.0430254350736278,TRUE
"g308_sirt",20,747,"2PL","1PL","ECI_Z4*","Bootstrap",0.0682730923694779,0.0499330655957162,TRUE
"g308_sirt",20,747,"2PL","1PL","ECI_Z4*","Bootstrap by ability",0.0736278447121821,0.050053547523427,TRUE
"g308_sirt",20,747,"2PL","2PL","lz*","Normal theory",0.0629183400267738,0.052764390896921,TRUE
"g308_sirt",20,747,"2PL","2PL","lz*","Bootstrap",0.0589022757697457,0.0501740294511379,TRUE
"g308_sirt",20,747,"2PL","2PL","lz*","Bootstrap by ability",0.0575635876840696,0.0504350736278447,TRUE
"g308_sirt",20,747,"2PL","2PL","U*","Normal theory",0.0294511378848728,0.0277911646586345,TRUE
"g308_sirt",20,747,"2PL","2PL","U*","Bootstrap",0.0508701472556894,0.050140562248996,TRUE
"g308_sirt",20,747,"2PL","2PL","U*","Bootstrap by ability",0.0575635876840696,0.0498728246318608,TRUE
"g308_sirt",20,747,"2PL","2PL","W*","Normal theory",0.0575635876840696,0.0396787148594378,TRUE
"g308_sirt",20,747,"2PL","2PL","W*","Bootstrap",0.069611780455154,0.0500267737617135,TRUE
"g308_sirt",20,747,"2PL","2PL","W*","Bootstrap by ability",0.072289156626506,0.0499799196787149,TRUE
"g308_sirt",20,747,"2PL","2PL","ECI_Z2*","Normal theory",0.0334672021419009,0.0218808567603748,TRUE
"g308_sirt",20,747,"2PL","2PL","ECI_Z2*","Bootstrap",0.0789825970548862,0.0499531459170013,TRUE
"g308_sirt",20,747,"2PL","2PL","ECI_Z2*","Bootstrap by ability",0.07095046854083,0.0505689424364123,TRUE
"g308_sirt",20,747,"2PL","2PL","ECI_Z4*","Normal theory",0.0535475234270415,0.0357028112449799,TRUE
"g308_sirt",20,747,"2PL","2PL","ECI_Z4*","Bootstrap",0.0789825970548862,0.0500937081659973,TRUE
"g308_sirt",20,747,"2PL","2PL","ECI_Z4*","Bootstrap by ability",0.0736278447121821,0.0503480589022758,TRUE
"g308_sirt",20,747,"2PL","3PL","lz*","Normal theory",0.0602409638554217,0.051950826677185,TRUE
"g308_sirt",20,747,"2PL","3PL","lz*","Bootstrap",0.0575635876840696,0.0501512013936824,TRUE
"g308_sirt",20,747,"2PL","3PL","lz*","Bootstrap by ability",0.0615796519410977,0.0504881175426487,TRUE
"g308_sirt",20,747,"2PL","3PL","U*","Normal theory",0.0334672021419009,0.0259442678690221,TRUE
"g308_sirt",20,747,"2PL","3PL","U*","Bootstrap",0.0642570281124498,0.0502295480490469,TRUE
"g308_sirt",20,747,"2PL","3PL","U*","Bootstrap by ability",0.0642570281124498,0.0500406534111908,TRUE
"g308_sirt",20,747,"2PL","3PL","W*","Normal theory",0.0642570281124498,0.0394379152602229,TRUE
"g308_sirt",20,747,"2PL","3PL","W*","Bootstrap",0.0736278447121821,0.0500817174628986,TRUE
"g308_sirt",20,747,"2PL","3PL","W*","Bootstrap by ability",0.0642570281124498,0.0499503124974335,TRUE
"g308_sirt",20,747,"2PL","3PL","ECI_Z2*","Normal theory",0.0281124497991968,0.0214147191269763,TRUE
"g308_sirt",20,747,"2PL","3PL","ECI_Z2*","Bootstrap",0.0776439089692102,0.0500772441902508,TRUE
"g308_sirt",20,747,"2PL","3PL","ECI_Z2*","Bootstrap by ability",0.0669344042838019,0.0504963350096966,TRUE
"g308_sirt",20,747,"2PL","3PL","ECI_Z4*","Normal theory",0.0575635876840696,0.0354583703119351,TRUE
"g308_sirt",20,747,"2PL","3PL","ECI_Z4*","Bootstrap",0.0736278447121821,0.0499293297833876,TRUE
"g308_sirt",20,747,"2PL","3PL","ECI_Z4*","Bootstrap by ability",0.0789825970548862,0.0503155507346416,TRUE
"geiser_tam",24,519,"2PL","1PL","lz*","Normal theory",0.127167630057803,0.0666763005780347,FALSE
"geiser_tam",24,519,"2PL","1PL","lz*","Bootstrap",0.107899807321773,0.0501445086705202,FALSE
"geiser_tam",24,519,"2PL","1PL","lz*","Bootstrap by ability",0.0982658959537572,0.0502119460500963,FALSE
"geiser_tam",24,519,"2PL","1PL","U*","Normal theory",0.0847784200385357,0.0561078998073218,FALSE
"geiser_tam",24,519,"2PL","1PL","U*","Bootstrap",0.0789980732177264,0.0499518304431599,FALSE
"geiser_tam",24,519,"2PL","1PL","U*","Bootstrap by ability",0.0732177263969171,0.0501156069364162,FALSE
"geiser_tam",24,519,"2PL","1PL","W*","Normal theory",0.10597302504817,0.0565510597302505,FALSE
"geiser_tam",24,519,"2PL","1PL","W*","Bootstrap",0.102119460500963,0.0502697495183044,FALSE
"geiser_tam",24,519,"2PL","1PL","W*","Bootstrap by ability",0.10019267822736,0.0501348747591522,FALSE
"geiser_tam",24,519,"2PL","1PL","ECI_Z2*","Normal theory",0.0982658959537572,0.0419171483622351,FALSE
"geiser_tam",24,519,"2PL","1PL","ECI_Z2*","Bootstrap",0.10019267822736,0.0499229287090559,FALSE
"geiser_tam",24,519,"2PL","1PL","ECI_Z2*","Bootstrap by ability",0.0982658959537572,0.0502697495183044,FALSE
"geiser_tam",24,519,"2PL","1PL","ECI_Z4*","Normal theory",0.104046242774566,0.0532369942196532,FALSE
"geiser_tam",24,519,"2PL","1PL","ECI_Z4*","Bootstrap",0.102119460500963,0.0501156069364162,FALSE
"geiser_tam",24,519,"2PL","1PL","ECI_Z4*","Bootstrap by ability",0.0963391136801541,0.0501059730250482,FALSE
"geiser_tam",24,519,"2PL","2PL","lz*","Normal theory",0.10019267822736,0.0548885924608468,FALSE
"geiser_tam",24,519,"2PL","2PL","lz*","Bootstrap",0.0982658959537572,0.0499382441578973,FALSE
"geiser_tam",24,519,"2PL","2PL","lz*","Bootstrap by ability",0.0982658959537572,0.0499184822884245,FALSE
"geiser_tam",24,519,"2PL","2PL","U*","Normal theory",0.0597302504816956,0.0398596907267428,FALSE
"geiser_tam",24,519,"2PL","2PL","U*","Bootstrap",0.0732177263969171,0.0499382441578973,FALSE
"geiser_tam",24,519,"2PL","2PL","U*","Bootstrap by ability",0.0751445086705202,0.0501358628526259,FALSE
"geiser_tam",24,519,"2PL","2PL","W*","Normal theory",0.092485549132948,0.0449582530507386,FALSE
"geiser_tam",24,519,"2PL","2PL","W*","Bootstrap",0.102119460500963,0.0502643150041994,FALSE
"geiser_tam",24,519,"2PL","2PL","W*","Bootstrap by ability",0.102119460500963,0.050046934439998,FALSE
"geiser_tam",24,519,"2PL","2PL","ECI_Z2*","Normal theory",0.0828516377649326,0.0313917296576256,FALSE
"geiser_tam",24,519,"2PL","2PL","ECI_Z2*","Bootstrap",0.109826589595376,0.0499876488315795,FALSE
"geiser_tam",24,519,"2PL","2PL","ECI_Z2*","Bootstrap by ability",0.10019267822736,0.0499876488315795,FALSE
"geiser_tam",24,519,"2PL","2PL","ECI_Z4*","Normal theory",0.0770712909441233,0.0412430215898424,FALSE
"geiser_tam",24,519,"2PL","2PL","ECI_Z4*","Bootstrap",0.0963391136801541,0.0499184822884245,FALSE
"geiser_tam",24,519,"2PL","2PL","ECI_Z4*","Bootstrap by ability",0.092485549132948,0.0499580060273702,FALSE
"geiser_tam",24,519,"2PL","3PL","lz*","Normal theory",0.0867052023121387,0.0540000928634443,FALSE
"geiser_tam",24,519,"2PL","3PL","lz*","Bootstrap",0.0828516377649326,0.0499257092445559,FALSE
"geiser_tam",24,519,"2PL","3PL","lz*","Bootstrap by ability",0.0828516377649326,0.0500882202720899,FALSE
"geiser_tam",24,519,"2PL","3PL","U*","Normal theory",0.0732177263969171,0.0406017132112264,FALSE
"geiser_tam",24,519,"2PL","3PL","U*","Bootstrap",0.0809248554913295,0.0499686607702486,FALSE
"geiser_tam",24,519,"2PL","3PL","U*","Bootstrap by ability",0.092485549132948,0.0500150892587692,FALSE
"geiser_tam",24,519,"2PL","3PL","W*","Normal theory",0.0770712909441233,0.0411240337070827,FALSE
"geiser_tam",24,519,"2PL","3PL","W*","Bootstrap",0.0982658959537572,0.0500383035030295,FALSE
"geiser_tam",24,519,"2PL","3PL","W*","Bootstrap by ability",0.0963391136801541,0.0501079462358103,FALSE
"geiser_tam",24,519,"2PL","3PL","ECI_Z2*","Normal theory",0.0578034682080925,0.0268839671263407,FALSE
"geiser_tam",24,519,"2PL","3PL","ECI_Z2*","Bootstrap",0.0944123314065511,0.0499837488972466,FALSE
"geiser_tam",24,519,"2PL","3PL","ECI_Z2*","Bootstrap by ability",0.0944123314065511,0.049612295120026,FALSE
"geiser_tam",24,519,"2PL","3PL","ECI_Z4*","Normal theory",0.0712909441233141,0.0373659284022844,FALSE
"geiser_tam",24,519,"2PL","3PL","ECI_Z4*","Bootstrap",0.0944123314065511,0.050018572688861,FALSE
"geiser_tam",24,519,"2PL","3PL","ECI_Z4*","Bootstrap by ability",0.0963391136801541,0.0504480661187723,FALSE
"gilbert_meta_2",20,2174,"2PL","1PL","lz*","Normal theory",0.0708371665133395,0.0642111315547378,TRUE
"gilbert_meta_2",20,2174,"2PL","1PL","lz*","Bootstrap",0.0588776448942042,0.0500459981600736,TRUE
"gilbert_meta_2",20,2174,"2PL","1PL","lz*","Bootstrap by ability",0.0602575896964121,0.0499885004599816,TRUE
"gilbert_meta_2",20,2174,"2PL","1PL","U*","Normal theory",0.0809567617295308,0.0754760809567617,TRUE
"gilbert_meta_2",20,2174,"2PL","1PL","U*","Bootstrap",0.0542778288868445,0.0499862005519779,TRUE
"gilbert_meta_2",20,2174,"2PL","1PL","U*","Bootstrap by ability",0.0634774609015639,0.0500942962281509,TRUE
"gilbert_meta_2",20,2174,"2PL","1PL","W*","Normal theory",0.0643974241030359,0.0566375344986201,TRUE
"gilbert_meta_2",20,2174,"2PL","1PL","W*","Bootstrap",0.0565777368905244,0.0499540018399264,TRUE
"gilbert_meta_2",20,2174,"2PL","1PL","W*","Bootstrap by ability",0.0579576816927323,0.0500252989880405,TRUE
"gilbert_meta_2",20,2174,"2PL","1PL","ECI_Z2*","Normal theory",0.0533578656853726,0.045517479300828,TRUE
"gilbert_meta_2",20,2174,"2PL","1PL","ECI_Z2*","Bootstrap",0.0574977000919963,0.0500160993560258,TRUE
"gilbert_meta_2",20,2174,"2PL","1PL","ECI_Z2*","Bootstrap by ability",0.0579576816927323,0.0499839006439742,TRUE
"gilbert_meta_2",20,2174,"2PL","1PL","ECI_Z4*","Normal theory",0.0597976080956762,0.053132474701012,TRUE
"gilbert_meta_2",20,2174,"2PL","1PL","ECI_Z4*","Bootstrap",0.0556577736890524,0.0500114995400184,TRUE
"gilbert_meta_2",20,2174,"2PL","1PL","ECI_Z4*","Bootstrap by ability",0.0570377184912604,0.050006899724011,TRUE
"gilbert_meta_2",20,2174,"2PL","2PL","lz*","Normal theory",0.0607175712971481,0.0512396504139834,TRUE
"gilbert_meta_2",20,2174,"2PL","2PL","lz*","Bootstrap",0.0597976080956762,0.0499563017479301,TRUE
"gilbert_meta_2",20,2174,"2PL","2PL","lz*","Bootstrap by ability",0.0611775528978841,0.0500528978840846,TRUE
"gilbert_meta_2",20,2174,"2PL","2PL","U*","Normal theory",0.0547378104875805,0.0519733210671573,TRUE
"gilbert_meta_2",20,2174,"2PL","2PL","U*","Bootstrap",0.0538178472861086,0.0500528978840846,TRUE
"gilbert_meta_2",20,2174,"2PL","2PL","U*","Bootstrap by ability",0.0542778288868445,0.0499655013799448,TRUE
"gilbert_meta_2",20,2174,"2PL","2PL","W*","Normal theory",0.0482980680772769,0.0449563017479301,TRUE
"gilbert_meta_2",20,2174,"2PL","2PL","W*","Bootstrap",0.0542778288868445,0.0500321987120515,TRUE
"gilbert_meta_2",20,2174,"2PL","2PL","W*","Bootstrap by ability",0.0574977000919963,0.0498689052437902,TRUE
"gilbert_meta_2",20,2174,"2PL","2PL","ECI_Z2*","Normal theory",0.0446182152713891,0.037966881324747,TRUE
"gilbert_meta_2",20,2174,"2PL","2PL","ECI_Z2*","Bootstrap",0.0639374425022999,0.0500022999080037,TRUE
"gilbert_meta_2",20,2174,"2PL","2PL","ECI_Z2*","Bootstrap by ability",0.062557497700092,0.050050597976081,TRUE
"gilbert_meta_2",20,2174,"2PL","2PL","ECI_Z4*","Normal theory",0.0565777368905244,0.0491490340386385,TRUE
"gilbert_meta_2",20,2174,"2PL","2PL","ECI_Z4*","Bootstrap",0.0570377184912604,0.0499747010119595,TRUE
"gilbert_meta_2",20,2174,"2PL","2PL","ECI_Z4*","Bootstrap by ability",0.0584176632934683,0.049949402023919,TRUE
"gilbert_meta_2",20,2174,"2PL","3PL","lz*","Normal theory",0.0662373505059798,0.0508961551085695,TRUE
"gilbert_meta_2",20,2174,"2PL","3PL","lz*","Bootstrap",0.0662373505059798,0.0500501587976682,TRUE
"gilbert_meta_2",20,2174,"2PL","3PL","lz*","Bootstrap by ability",0.0648574057037719,0.0499253396698303,TRUE
"gilbert_meta_2",20,2174,"2PL","3PL","U*","Normal theory",0.0524379024839007,0.0508406799406416,TRUE
"gilbert_meta_2",20,2174,"2PL","3PL","U*","Bootstrap",0.0505979760809568,0.0499946836297402,TRUE
"gilbert_meta_2",20,2174,"2PL","3PL","U*","Bootstrap by ability",0.0533578656853726,0.0500131753523829,TRUE
"gilbert_meta_2",20,2174,"2PL","3PL","W*","Normal theory",0.0492180312787488,0.0454572771862995,TRUE
"gilbert_meta_2",20,2174,"2PL","3PL","W*","Bootstrap",0.0561177552897884,0.0500131753523829,TRUE
"gilbert_meta_2",20,2174,"2PL","3PL","W*","Bootstrap by ability",0.0524379024839007,0.0500154868177132,TRUE
"gilbert_meta_2",20,2174,"2PL","3PL","ECI_Z2*","Normal theory",0.0367985280588776,0.0356081234137569,TRUE
"gilbert_meta_2",20,2174,"2PL","3PL","ECI_Z2*","Bootstrap",0.0551977920883165,0.0500108638870526,TRUE
"gilbert_meta_2",20,2174,"2PL","3PL","ECI_Z2*","Bootstrap by ability",0.0547378104875805,0.0499761919070976,TRUE
"gilbert_meta_2",20,2174,"2PL","3PL","ECI_Z4*","Normal theory",0.0574977000919963,0.047315695311886,TRUE
"gilbert_meta_2",20,2174,"2PL","3PL","ECI_Z4*","Bootstrap",0.063017479300828,0.0499646345804459,TRUE
"gilbert_meta_2",20,2174,"2PL","3PL","ECI_Z4*","Bootstrap by ability",0.062557497700092,0.0500709619856412,TRUE
"himmelstein-shipley_abstraction-2025",56,618,"3PL","1PL","lz*","Normal theory",0.153721682847896,0.115898058252427,FALSE
"himmelstein-shipley_abstraction-2025",56,618,"3PL","1PL","lz*","Bootstrap",0.0776699029126214,0.0499676375404531,FALSE
"himmelstein-shipley_abstraction-2025",56,618,"3PL","1PL","lz*","Bootstrap by ability",0.118122977346278,0.050121359223301,FALSE
"himmelstein-shipley_abstraction-2025",56,618,"3PL","1PL","U*","Normal theory",0.129449838187702,0.10834142394822,FALSE
"himmelstein-shipley_abstraction-2025",56,618,"3PL","1PL","U*","Bootstrap",0.0744336569579288,0.0501051779935275,FALSE
"himmelstein-shipley_abstraction-2025",56,618,"3PL","1PL","U*","Bootstrap by ability",0.0857605177993527,0.0501618122977346,FALSE
"himmelstein-shipley_abstraction-2025",56,618,"3PL","1PL","W*","Normal theory",0.176375404530744,0.0929368932038835,FALSE
"himmelstein-shipley_abstraction-2025",56,618,"3PL","1PL","W*","Bootstrap",0.108414239482201,0.0500485436893204,FALSE
"himmelstein-shipley_abstraction-2025",56,618,"3PL","1PL","W*","Bootstrap by ability",0.140776699029126,0.0502427184466019,FALSE
"himmelstein-shipley_abstraction-2025",56,618,"3PL","1PL","ECI_Z2*","Normal theory",0.150485436893204,0.0854045307443366,FALSE
"himmelstein-shipley_abstraction-2025",56,618,"3PL","1PL","ECI_Z2*","Bootstrap",0.0906148867313916,0.0501294498381877,FALSE
"himmelstein-shipley_abstraction-2025",56,618,"3PL","1PL","ECI_Z2*","Bootstrap by ability",0.127831715210356,0.0501941747572816,FALSE
"himmelstein-shipley_abstraction-2025",56,618,"3PL","1PL","ECI_Z4*","Normal theory",0.161812297734628,0.0893608414239482,FALSE
"himmelstein-shipley_abstraction-2025",56,618,"3PL","1PL","ECI_Z4*","Bootstrap",0.106796116504854,0.0500809061488673,FALSE
"himmelstein-shipley_abstraction-2025",56,618,"3PL","1PL","ECI_Z4*","Bootstrap by ability",0.140776699029126,0.0502750809061489,FALSE
"himmelstein-shipley_abstraction-2025",56,618,"3PL","2PL","lz*","Normal theory",0.160148975791434,0.0890089848164434,FALSE
"himmelstein-shipley_abstraction-2025",56,618,"3PL","2PL","lz*","Bootstrap",0.111731843575419,0.0498025130632294,FALSE
"himmelstein-shipley_abstraction-2025",56,618,"3PL","2PL","lz*","Bootstrap by ability",0.135940409683426,0.0497801349400826,FALSE
"himmelstein-shipley_abstraction-2025",56,618,"3PL","2PL","U*","Normal theory",0.0177993527508091,0.0396483394770088,FALSE
"himmelstein-shipley_abstraction-2025",56,618,"3PL","2PL","U*","Bootstrap",0.0226537216828479,0.0500406694010349,FALSE
"himmelstein-shipley_abstraction-2025",56,618,"3PL","2PL","U*","Bootstrap by ability",0.132686084142395,0.0505338940518838,FALSE
"himmelstein-shipley_abstraction-2025",56,618,"3PL","2PL","W*","Normal theory",0.153721682847896,0.0666199401207968,FALSE
"himmelstein-shipley_abstraction-2025",56,618,"3PL","2PL","W*","Bootstrap",0.122977346278317,0.0499368326324351,FALSE
"himmelstein-shipley_abstraction-2025",56,618,"3PL","2PL","W*","Bootstrap by ability",0.12621359223301,0.0501185469774847,FALSE
"himmelstein-shipley_abstraction-2025",56,618,"3PL","2PL","ECI_Z2*","Normal theory",0.134078212290503,0.0542893267541651,FALSE
"himmelstein-shipley_abstraction-2025",56,618,"3PL","2PL","ECI_Z2*","Bootstrap",0.132216014897579,0.0499591599252571,FALSE
"himmelstein-shipley_abstraction-2025",56,618,"3PL","2PL","ECI_Z2*","Bootstrap by ability",0.119180633147114,0.0501046177257113,FALSE
"himmelstein-shipley_abstraction-2025",56,618,"3PL","2PL","ECI_Z4*","Normal theory",0.202979515828678,0.0723372830720687,FALSE
"himmelstein-shipley_abstraction-2025",56,618,"3PL","2PL","ECI_Z4*","Bootstrap",0.148975791433892,0.0500039161715507,FALSE
"himmelstein-shipley_abstraction-2025",56,618,"3PL","2PL","ECI_Z4*","Bootstrap by ability",0.160148975791434,0.049791324001656,FALSE
"himmelstein-shipley_abstraction-2025",56,618,"3PL","3PL","lz*","Normal theory",0.228624535315985,0.0550198690977092,FALSE
"himmelstein-shipley_abstraction-2025",56,618,"3PL","3PL","lz*","Bootstrap",0.226765799256506,0.0503447872837775,FALSE
"himmelstein-shipley_abstraction-2025",56,618,"3PL","3PL","lz*","Bootstrap by ability",0.219330855018587,0.0509291725105189,FALSE
"himmelstein-shipley_abstraction-2025",56,618,"3PL","3PL","U*","Normal theory",0.0242718446601942,0.00354609929078014,FALSE
"himmelstein-shipley_abstraction-2025",56,618,"3PL","3PL","U*","Bootstrap",0.0744336569579288,0.0499724574812367,FALSE
"himmelstein-shipley_abstraction-2025",56,618,"3PL","3PL","U*","Bootstrap by ability",0.168284789644013,0.0506954485987744,FALSE
"himmelstein-shipley_abstraction-2025",56,618,"3PL","3PL","W*","Normal theory",0.0970873786407767,0.0394030159058046,FALSE
"himmelstein-shipley_abstraction-2025",56,618,"3PL","3PL","W*","Bootstrap",0.118122977346278,0.0499896715554637,FALSE
"himmelstein-shipley_abstraction-2025",56,618,"3PL","3PL","W*","Bootstrap by ability",0.134304207119741,0.0500757419265992,FALSE
"himmelstein-shipley_abstraction-2025",56,618,"3PL","3PL","ECI_Z2*","Normal theory",0.109665427509294,0.0462833099579243,FALSE
"himmelstein-shipley_abstraction-2025",56,618,"3PL","3PL","ECI_Z2*","Bootstrap",0.111524163568773,0.0501110331930809,FALSE
"himmelstein-shipley_abstraction-2025",56,618,"3PL","3PL","ECI_Z2*","Bootstrap by ability",0.115241635687732,0.0500233754090697,FALSE
"himmelstein-shipley_abstraction-2025",56,618,"3PL","3PL","ECI_Z4*","Normal theory",0.16542750929368,0.0605423094904161,FALSE
"himmelstein-shipley_abstraction-2025",56,618,"3PL","3PL","ECI_Z4*","Bootstrap",0.150557620817844,0.049760402057036,FALSE
"himmelstein-shipley_abstraction-2025",56,618,"3PL","3PL","ECI_Z4*","Bootstrap by ability",0.152416356877323,0.049760402057036,FALSE
"janssen2_tam",20,346,"2PL","1PL","lz*","Normal theory",0.0895953757225433,0.0580346820809249,FALSE
"janssen2_tam",20,346,"2PL","1PL","lz*","Bootstrap",0.0809248554913295,0.0500578034682081,FALSE
"janssen2_tam",20,346,"2PL","1PL","lz*","Bootstrap by ability",0.0838150289017341,0.0503034682080925,FALSE
"janssen2_tam",20,346,"2PL","1PL","U*","Normal theory",0.106936416184971,0.0682080924855491,FALSE
"janssen2_tam",20,346,"2PL","1PL","U*","Bootstrap",0.0780346820809249,0.0503757225433526,FALSE
"janssen2_tam",20,346,"2PL","1PL","U*","Bootstrap by ability",0.0838150289017341,0.0505924855491329,FALSE
"janssen2_tam",20,346,"2PL","1PL","W*","Normal theory",0.0722543352601156,0.0445809248554913,FALSE
"janssen2_tam",20,346,"2PL","1PL","W*","Bootstrap",0.0838150289017341,0.0501156069364162,FALSE
"janssen2_tam",20,346,"2PL","1PL","W*","Bootstrap by ability",0.0751445086705202,0.0504335260115607,FALSE
"janssen2_tam",20,346,"2PL","1PL","ECI_Z2*","Normal theory",0.046242774566474,0.0304624277456647,FALSE
"janssen2_tam",20,346,"2PL","1PL","ECI_Z2*","Bootstrap",0.092485549132948,0.0501011560693642,FALSE
"janssen2_tam",20,346,"2PL","1PL","ECI_Z2*","Bootstrap by ability",0.092485549132948,0.0501300578034682,FALSE
"janssen2_tam",20,346,"2PL","1PL","ECI_Z4*","Normal theory",0.0722543352601156,0.0411705202312139,FALSE
"janssen2_tam",20,346,"2PL","1PL","ECI_Z4*","Bootstrap",0.0867052023121387,0.0500578034682081,FALSE
"janssen2_tam",20,346,"2PL","1PL","ECI_Z4*","Bootstrap by ability",0.0780346820809249,0.0509104046242775,FALSE
"janssen2_tam",20,346,"2PL","2PL","lz*","Normal theory",0.101156069364162,0.0529548640719169,FALSE
"janssen2_tam",20,346,"2PL","2PL","lz*","Bootstrap",0.092485549132948,0.0500932202165021,FALSE
"janssen2_tam",20,346,"2PL","2PL","lz*","Bootstrap by ability",0.092485549132948,0.0504978971253487,FALSE
"janssen2_tam",20,346,"2PL","2PL","U*","Normal theory",0.0780346820809249,0.0423988439306358,FALSE
"janssen2_tam",20,346,"2PL","2PL","U*","Bootstrap",0.0867052023121387,0.0501300578034682,FALSE
"janssen2_tam",20,346,"2PL","2PL","U*","Bootstrap by ability",0.092485549132948,0.0497687861271676,FALSE
"janssen2_tam",20,346,"2PL","2PL","W*","Normal theory",0.0809248554913295,0.0429479768786127,FALSE
"janssen2_tam",20,346,"2PL","2PL","W*","Bootstrap",0.104046242774566,0.0500867052023121,FALSE
"janssen2_tam",20,346,"2PL","2PL","W*","Bootstrap by ability",0.0867052023121387,0.0505202312138728,FALSE
"janssen2_tam",20,346,"2PL","2PL","ECI_Z2*","Normal theory",0.0549132947976879,0.0283996473529794,FALSE
"janssen2_tam",20,346,"2PL","2PL","ECI_Z2*","Bootstrap",0.092485549132948,0.0502232949372028,FALSE
"janssen2_tam",20,346,"2PL","2PL","ECI_Z2*","Bootstrap by ability",0.11271676300578,0.0499920509892905,FALSE
"janssen2_tam",20,346,"2PL","2PL","ECI_Z4*","Normal theory",0.101156069364162,0.0421442095070168,FALSE
"janssen2_tam",20,346,"2PL","2PL","ECI_Z4*","Bootstrap",0.106936416184971,0.0498764290153344,FALSE
"janssen2_tam",20,346,"2PL","2PL","ECI_Z4*","Bootstrap by ability",0.11849710982659,0.0503533696579035,FALSE
"janssen2_tam",20,346,"2PL","3PL","lz*","Normal theory",0.0982658959537572,0.0543669006479482,FALSE
"janssen2_tam",20,346,"2PL","3PL","lz*","Bootstrap",0.092485549132948,0.0504015928725702,FALSE
"janssen2_tam",20,346,"2PL","3PL","lz*","Bootstrap by ability",0.092485549132948,0.0500303725701944,FALSE
"janssen2_tam",20,346,"2PL","3PL","U*","Normal theory",0.0664739884393064,0.0396438237161282,FALSE
"janssen2_tam",20,346,"2PL","3PL","U*","Bootstrap",0.0751445086705202,0.0500016706204684,FALSE
"janssen2_tam",20,346,"2PL","3PL","U*","Bootstrap by ability",0.106936416184971,0.0499515520064152,FALSE
"janssen2_tam",20,346,"2PL","3PL","W*","Normal theory",0.0809248554913295,0.0398610043770256,FALSE
"janssen2_tam",20,346,"2PL","3PL","W*","Bootstrap",0.0953757225433526,0.0501687326673126,FALSE
"janssen2_tam",20,346,"2PL","3PL","W*","Bootstrap by ability",0.092485549132948,0.0507868622406362,FALSE
"janssen2_tam",20,346,"2PL","3PL","ECI_Z2*","Normal theory",0.0578034682080925,0.0299338552915767,FALSE
"janssen2_tam",20,346,"2PL","3PL","ECI_Z2*","Bootstrap",0.104046242774566,0.0500978671706264,FALSE
"janssen2_tam",20,346,"2PL","3PL","ECI_Z2*","Bootstrap by ability",0.0867052023121387,0.0500641198704104,FALSE
"janssen2_tam",20,346,"2PL","3PL","ECI_Z4*","Normal theory",0.0982658959537572,0.0447657937365011,FALSE
"janssen2_tam",20,346,"2PL","3PL","ECI_Z4*","Bootstrap",0.104046242774566,0.0502497300215983,FALSE
"janssen2_tam",20,346,"2PL","3PL","ECI_Z4*","Bootstrap by ability",0.106936416184971,0.0503678455723542,FALSE
"mcmi_mokken",44,1208,"2PL","1PL","lz*","Normal theory",0.0852649006622516,0.065,FALSE
"mcmi_mokken",44,1208,"2PL","1PL","lz*","Bootstrap",0.0711920529801325,0.0499834437086093,FALSE
"mcmi_mokken",44,1208,"2PL","1PL","lz*","Bootstrap by ability",0.0753311258278146,0.0501283112582781,FALSE
"mcmi_mokken",44,1208,"2PL","1PL","U*","Normal theory",0.0877483443708609,0.0751200331125828,FALSE
"mcmi_mokken",44,1208,"2PL","1PL","U*","Bootstrap",0.0662251655629139,0.0500041390728477,FALSE
"mcmi_mokken",44,1208,"2PL","1PL","U*","Bootstrap by ability",0.0695364238410596,0.0499627483443709,FALSE
"mcmi_mokken",44,1208,"2PL","1PL","W*","Normal theory",0.0794701986754967,0.0551283112582781,FALSE
"mcmi_mokken",44,1208,"2PL","1PL","W*","Bootstrap",0.0745033112582781,0.049987582781457,FALSE
"mcmi_mokken",44,1208,"2PL","1PL","W*","Bootstrap by ability",0.0653973509933775,0.0500082781456954,FALSE
"mcmi_mokken",44,1208,"2PL","1PL","ECI_Z2*","Normal theory",0.0587748344370861,0.0409064569536424,FALSE
"mcmi_mokken",44,1208,"2PL","1PL","ECI_Z2*","Bootstrap",0.0687086092715232,0.0500041390728477,FALSE
"mcmi_mokken",44,1208,"2PL","1PL","ECI_Z2*","Bootstrap by ability",0.0662251655629139,0.0498716887417219,FALSE
"mcmi_mokken",44,1208,"2PL","1PL","ECI_Z4*","Normal theory",0.0769867549668874,0.0513824503311258,FALSE
"mcmi_mokken",44,1208,"2PL","1PL","ECI_Z4*","Bootstrap",0.0753311258278146,0.0499917218543046,FALSE
"mcmi_mokken",44,1208,"2PL","1PL","ECI_Z4*","Bootstrap by ability",0.0678807947019868,0.0500538079470199,FALSE
"mcmi_mokken",44,1208,"2PL","2PL","lz*","Normal theory",0.0885761589403974,0.0522102649006623,FALSE
"mcmi_mokken",44,1208,"2PL","2PL","lz*","Bootstrap",0.0844370860927152,0.0500082781456954,FALSE
"mcmi_mokken",44,1208,"2PL","2PL","lz*","Bootstrap by ability",0.0860927152317881,0.0499793046357616,FALSE
"mcmi_mokken",44,1208,"2PL","2PL","U*","Normal theory",0.0695364238410596,0.0494495033112583,FALSE
"mcmi_mokken",44,1208,"2PL","2PL","U*","Bootstrap",0.070364238410596,0.0499834437086093,FALSE
"mcmi_mokken",44,1208,"2PL","2PL","U*","Bootstrap by ability",0.070364238410596,0.0500041390728477,FALSE
"mcmi_mokken",44,1208,"2PL","2PL","W*","Normal theory",0.0579470198675497,0.0416556291390729,FALSE
"mcmi_mokken",44,1208,"2PL","2PL","W*","Bootstrap",0.070364238410596,0.05,FALSE
"mcmi_mokken",44,1208,"2PL","2PL","W*","Bootstrap by ability",0.0695364238410596,0.050012417218543,FALSE
"mcmi_mokken",44,1208,"2PL","2PL","ECI_Z2*","Normal theory",0.0529801324503311,0.0344081125827815,FALSE
"mcmi_mokken",44,1208,"2PL","2PL","ECI_Z2*","Bootstrap",0.0695364238410596,0.0499461920529801,FALSE
"mcmi_mokken",44,1208,"2PL","2PL","ECI_Z2*","Bootstrap by ability",0.070364238410596,0.0501862582781457,FALSE
"mcmi_mokken",44,1208,"2PL","2PL","ECI_Z4*","Normal theory",0.0662251655629139,0.0470074503311258,FALSE
"mcmi_mokken",44,1208,"2PL","2PL","ECI_Z4*","Bootstrap",0.070364238410596,0.0500041390728477,FALSE
"mcmi_mokken",44,1208,"2PL","2PL","ECI_Z4*","Bootstrap by ability",0.070364238410596,0.0499958609271523,FALSE
"mpsycho_wilmer",25,1471,"3PL","1PL","lz*","Normal theory",0.0645819170632223,0.0645207341944256,TRUE
"mpsycho_wilmer",25,1471,"3PL","1PL","lz*","Bootstrap",0.0496261046906866,0.0499762066621346,TRUE
"mpsycho_wilmer",25,1471,"3PL","1PL","lz*","Bootstrap by ability",0.0557443915703603,0.0501427600271924,TRUE
"mpsycho_wilmer",25,1471,"3PL","1PL","U*","Normal theory",0.070700203942896,0.0712950373895309,TRUE
"mpsycho_wilmer",25,1471,"3PL","1PL","U*","Bootstrap",0.0475866757307954,0.0499252209381373,TRUE
"mpsycho_wilmer",25,1471,"3PL","1PL","U*","Bootstrap by ability",0.053025152957172,0.0498708361658736,TRUE
"mpsycho_wilmer",25,1471,"3PL","1PL","W*","Normal theory",0.0503059143439837,0.0563630183548606,TRUE
"mpsycho_wilmer",25,1471,"3PL","1PL","W*","Bootstrap",0.0435078178110129,0.0499966009517335,TRUE
"mpsycho_wilmer",25,1471,"3PL","1PL","W*","Bootstrap by ability",0.0428280081577158,0.0500101971447995,TRUE
"mpsycho_wilmer",25,1471,"3PL","1PL","ECI_Z2*","Normal theory",0.0448674371176071,0.0490346702923182,TRUE
"mpsycho_wilmer",25,1471,"3PL","1PL","ECI_Z2*","Bootstrap",0.0462270564242012,0.0500747790618627,TRUE
"mpsycho_wilmer",25,1471,"3PL","1PL","ECI_Z2*","Bootstrap by ability",0.0435078178110129,0.0499762066621346,TRUE
"mpsycho_wilmer",25,1471,"3PL","1PL","ECI_Z4*","Normal theory",0.0496261046906866,0.0549354180829368,TRUE
"mpsycho_wilmer",25,1471,"3PL","1PL","ECI_Z4*","Bootstrap",0.0455472467709042,0.0499966009517335,TRUE
"mpsycho_wilmer",25,1471,"3PL","1PL","ECI_Z4*","Bootstrap by ability",0.04418762746431,0.0498538409245411,TRUE
"mpsycho_wilmer",25,1471,"3PL","2PL","lz*","Normal theory",0.0611828687967369,0.0574201223657376,TRUE
"mpsycho_wilmer",25,1471,"3PL","2PL","lz*","Bootstrap",0.053025152957172,0.049993201903467,TRUE
"mpsycho_wilmer",25,1471,"3PL","2PL","lz*","Bootstrap by ability",0.0564242012236574,0.0499150237933379,TRUE
"mpsycho_wilmer",25,1471,"3PL","2PL","U*","Normal theory",0.0652617267165194,0.0631271244051666,TRUE
"mpsycho_wilmer",25,1471,"3PL","2PL","U*","Bootstrap",0.0482664853840925,0.0500305914343984,TRUE
"mpsycho_wilmer",25,1471,"3PL","2PL","U*","Bootstrap by ability",0.0503059143439837,0.0498776342624065,TRUE
"mpsycho_wilmer",25,1471,"3PL","2PL","W*","Normal theory",0.0475866757307954,0.0488409245411285,TRUE
"mpsycho_wilmer",25,1471,"3PL","2PL","W*","Bootstrap",0.0496261046906866,0.0500033990482665,TRUE
"mpsycho_wilmer",25,1471,"3PL","2PL","W*","Bootstrap by ability",0.0496261046906866,0.0500169952413324,TRUE
"mpsycho_wilmer",25,1471,"3PL","2PL","ECI_Z2*","Normal theory",0.0387491502379334,0.0442284160435078,TRUE
"mpsycho_wilmer",25,1471,"3PL","2PL","ECI_Z2*","Bootstrap",0.0428280081577158,0.0499898028552005,TRUE
"mpsycho_wilmer",25,1471,"3PL","2PL","ECI_Z2*","Bootstrap by ability",0.0414683888511217,0.0500611828687967,TRUE
"mpsycho_wilmer",25,1471,"3PL","2PL","ECI_Z4*","Normal theory",0.0543847722637661,0.0532596872875595,TRUE
"mpsycho_wilmer",25,1471,"3PL","2PL","ECI_Z4*","Bootstrap",0.0496261046906866,0.0500339904826649,TRUE
"mpsycho_wilmer",25,1471,"3PL","2PL","ECI_Z4*","Bootstrap by ability",0.0503059143439837,0.0499796057104011,TRUE
"mpsycho_wilmer",25,1471,"3PL","3PL","lz*","Normal theory",0.0523453433038749,0.0473487423521414,TRUE
"mpsycho_wilmer",25,1471,"3PL","3PL","lz*","Bootstrap",0.0557443915703603,0.0500135961930659,TRUE
"mpsycho_wilmer",25,1471,"3PL","3PL","lz*","Bootstrap by ability",0.0557443915703603,0.0500747790618627,TRUE
"mpsycho_wilmer",25,1471,"3PL","3PL","U*","Normal theory",0.0516655336505778,0.0498232494901428,TRUE
"mpsycho_wilmer",25,1471,"3PL","3PL","U*","Bootstrap",0.0516655336505778,0.0500441876274643,TRUE
"mpsycho_wilmer",25,1471,"3PL","3PL","U*","Bootstrap by ability",0.053025152957172,0.0501461590754589,TRUE
"mpsycho_wilmer",25,1471,"3PL","3PL","W*","Normal theory",0.0543847722637661,0.0486947654656696,TRUE
"mpsycho_wilmer",25,1471,"3PL","3PL","W*","Bootstrap",0.0557443915703603,0.0500203942895989,TRUE
"mpsycho_wilmer",25,1471,"3PL","3PL","W*","Bootstrap by ability",0.0543847722637661,0.0501019714479946,TRUE
"mpsycho_wilmer",25,1471,"3PL","3PL","ECI_Z2*","Normal theory",0.0299116247450714,0.0349626104690687,TRUE
"mpsycho_wilmer",25,1471,"3PL","3PL","ECI_Z2*","Bootstrap",0.0407885791978246,0.0500339904826649,TRUE
"mpsycho_wilmer",25,1471,"3PL","3PL","ECI_Z2*","Bootstrap by ability",0.0394289598912305,0.0500101971447995,TRUE
"mpsycho_wilmer",25,1471,"3PL","3PL","ECI_Z4*","Normal theory",0.0516655336505778,0.0504452753229096,TRUE
"mpsycho_wilmer",25,1471,"3PL","3PL","ECI_Z4*","Bootstrap",0.0516655336505778,0.0499898028552005,TRUE
"mpsycho_wilmer",25,1471,"3PL","3PL","ECI_Z4*","Bootstrap by ability",0.0516655336505778,0.0500101971447995,TRUE
"pks_probability",12,504,"2PL","1PL","lz*","Normal theory",0.0555555555555556,0.0511186886815028,FALSE
"pks_probability",12,504,"2PL","1PL","lz*","Bootstrap",0.0555555555555556,0.0499621121480418,FALSE
"pks_probability",12,504,"2PL","1PL","lz*","Bootstrap by ability",0.0555555555555556,0.0407892637792135,FALSE
"pks_probability",12,504,"2PL","1PL","U*","Normal theory",0.0595238095238095,0.0516172130493739,FALSE
"pks_probability",12,504,"2PL","1PL","U*","Bootstrap",0.0595238095238095,0.0499920236101141,FALSE
"pks_probability",12,504,"2PL","1PL","U*","Bootstrap by ability",0.0515873015873016,0.0409587620642897,FALSE
"pks_probability",12,504,"2PL","1PL","W*","Normal theory",0.0317460317460317,0.0270898141501157,FALSE
"pks_probability",12,504,"2PL","1PL","W*","Bootstrap",0.0674603174603175,0.0503709021296961,FALSE
"pks_probability",12,504,"2PL","1PL","W*","Bootstrap by ability",0.0376984126984127,0.0408889686527877,FALSE
"pks_probability",12,504,"2PL","1PL","ECI_Z2*","Normal theory",0.0277777777777778,0.0171492382547659,FALSE
"pks_probability",12,504,"2PL","1PL","ECI_Z2*","Bootstrap",0.0833333333333333,0.0500219350721863,FALSE
"pks_probability",12,504,"2PL","1PL","ECI_Z2*","Bootstrap by ability",0.0396825396825397,0.0395230118848209,FALSE
"pks_probability",12,504,"2PL","1PL","ECI_Z4*","Normal theory",0.0317460317460317,0.0236799074738773,FALSE
"pks_probability",12,504,"2PL","1PL","ECI_Z4*","Bootstrap",0.0674603174603175,0.0504406955411981,FALSE
"pks_probability",12,504,"2PL","1PL","ECI_Z4*","Bootstrap by ability",0.0376984126984127,0.04091888011486,FALSE
"pks_probability",12,504,"2PL","2PL","lz*","Normal theory",0.0773809523809524,0.0504464285714286,FALSE
"pks_probability",12,504,"2PL","2PL","lz*","Bootstrap",0.0734126984126984,0.0499900793650794,FALSE
"pks_probability",12,504,"2PL","2PL","lz*","Bootstrap by ability",0.0654761904761905,0.0406646825396825,FALSE
"pks_probability",12,504,"2PL","2PL","U*","Normal theory",0.0694444444444444,0.0424107142857143,FALSE
"pks_probability",12,504,"2PL","2PL","U*","Bootstrap",0.0753968253968254,0.050109126984127,FALSE
"pks_probability",12,504,"2PL","2PL","U*","Bootstrap by ability",0.0615079365079365,0.0407837301587302,FALSE
"pks_probability",12,504,"2PL","2PL","W*","Normal theory",0.0317460317460317,0.0231547619047619,FALSE
"pks_probability",12,504,"2PL","2PL","W*","Bootstrap",0.0813492063492063,0.0499007936507937,FALSE
"pks_probability",12,504,"2PL","2PL","W*","Bootstrap by ability",0.0436507936507936,0.0429662698412698,FALSE
"pks_probability",12,504,"2PL","2PL","ECI_Z2*","Normal theory",0.0218253968253968,0.0152480158730159,FALSE
"pks_probability",12,504,"2PL","2PL","ECI_Z2*","Bootstrap",0.0595238095238095,0.0500496031746032,FALSE
"pks_probability",12,504,"2PL","2PL","ECI_Z2*","Bootstrap by ability",0.0138888888888889,0.0400992063492063,FALSE
"pks_probability",12,504,"2PL","2PL","ECI_Z4*","Normal theory",0.0218253968253968,0.0178174603174603,FALSE
"pks_probability",12,504,"2PL","2PL","ECI_Z4*","Bootstrap",0.0833333333333333,0.0502083333333333,FALSE
"pks_probability",12,504,"2PL","2PL","ECI_Z4*","Bootstrap by ability",0.0357142857142857,0.0410714285714286,FALSE
"psychtools_ability",16,1248,"3PL","1PL","lz*","Normal theory",0.0969551282051282,0.0764222756410256,TRUE
"psychtools_ability",16,1248,"3PL","1PL","lz*","Bootstrap",0.0681089743589744,0.0499559294871795,TRUE
"psychtools_ability",16,1248,"3PL","1PL","lz*","Bootstrap by ability",0.0721153846153846,0.050068108974359,TRUE
"psychtools_ability",16,1248,"3PL","1PL","U*","Normal theory",0.0905448717948718,0.0679206730769231,TRUE
"psychtools_ability",16,1248,"3PL","1PL","U*","Bootstrap",0.0673076923076923,0.0499959935897436,TRUE
"psychtools_ability",16,1248,"3PL","1PL","U*","Bootstrap by ability",0.0753205128205128,0.0500520833333333,TRUE
"psychtools_ability",16,1248,"3PL","1PL","W*","Normal theory",0.077724358974359,0.0460897435897436,TRUE
"psychtools_ability",16,1248,"3PL","1PL","W*","Bootstrap",0.0801282051282051,0.0501682692307692,TRUE
"psychtools_ability",16,1248,"3PL","1PL","W*","Bootstrap by ability",0.0753205128205128,0.0502363782051282,TRUE
"psychtools_ability",16,1248,"3PL","1PL","ECI_Z2*","Normal theory",0.0616987179487179,0.0311939102564103,TRUE
"psychtools_ability",16,1248,"3PL","1PL","ECI_Z2*","Bootstrap",0.0753205128205128,0.0501081730769231,TRUE
"psychtools_ability",16,1248,"3PL","1PL","ECI_Z2*","Bootstrap by ability",0.0769230769230769,0.0499919871794872,TRUE
"psychtools_ability",16,1248,"3PL","1PL","ECI_Z4*","Normal theory",0.077724358974359,0.0434695512820513,TRUE
"psychtools_ability",16,1248,"3PL","1PL","ECI_Z4*","Bootstrap",0.0793269230769231,0.0499839743589744,TRUE
"psychtools_ability",16,1248,"3PL","1PL","ECI_Z4*","Bootstrap by ability",0.0793269230769231,0.0500080128205128,TRUE
"psychtools_ability",16,1248,"3PL","2PL","lz*","Normal theory",0.0969551282051282,0.0792548076923077,TRUE
"psychtools_ability",16,1248,"3PL","2PL","lz*","Bootstrap",0.0681089743589744,0.0500200320512821,TRUE
"psychtools_ability",16,1248,"3PL","2PL","lz*","Bootstrap by ability",0.0745192307692308,0.0499679487179487,TRUE
"psychtools_ability",16,1248,"3PL","2PL","U*","Normal theory",0.0921474358974359,0.0711298076923077,TRUE
"psychtools_ability",16,1248,"3PL","2PL","U*","Bootstrap",0.0616987179487179,0.049931891025641,TRUE
"psychtools_ability",16,1248,"3PL","2PL","U*","Bootstrap by ability",0.0761217948717949,0.0500721153846154,TRUE
"psychtools_ability",16,1248,"3PL","2PL","W*","Normal theory",0.077724358974359,0.0387580128205128,TRUE
"psychtools_ability",16,1248,"3PL","2PL","W*","Bootstrap",0.0841346153846154,0.0500761217948718,TRUE
"psychtools_ability",16,1248,"3PL","2PL","W*","Bootstrap by ability",0.0769230769230769,0.0501963141025641,TRUE
"psychtools_ability",16,1248,"3PL","2PL","ECI_Z2*","Normal theory",0.0528846153846154,0.0262700320512821,TRUE
"psychtools_ability",16,1248,"3PL","2PL","ECI_Z2*","Bootstrap",0.0841346153846154,0.0499198717948718,TRUE
"psychtools_ability",16,1248,"3PL","2PL","ECI_Z2*","Bootstrap by ability",0.0608974358974359,0.0498317307692308,TRUE
"psychtools_ability",16,1248,"3PL","2PL","ECI_Z4*","Normal theory",0.0432692307692308,0.0300801282051282,TRUE
"psychtools_ability",16,1248,"3PL","2PL","ECI_Z4*","Bootstrap",0.0737179487179487,0.0499559294871795,TRUE
"psychtools_ability",16,1248,"3PL","2PL","ECI_Z4*","Bootstrap by ability",0.0520833333333333,0.0499559294871795,TRUE
"psychtools_ability",16,1248,"3PL","3PL","lz*","Normal theory",0.0729166666666667,0.0604414577135572,TRUE
"psychtools_ability",16,1248,"3PL","3PL","lz*","Bootstrap",0.0665064102564103,0.0500115101289134,TRUE
"psychtools_ability",16,1248,"3PL","3PL","lz*","Bootstrap by ability",0.0625,0.0500690607734807,TRUE
"psychtools_ability",16,1248,"3PL","3PL","U*","Normal theory",0.0889423076923077,0.0652314421306134,TRUE
"psychtools_ability",16,1248,"3PL","3PL","U*","Bootstrap",0.0657051282051282,0.0499938022382774,TRUE
"psychtools_ability",16,1248,"3PL","3PL","U*","Bootstrap by ability",0.0649038461538461,0.0499406785663692,TRUE
"psychtools_ability",16,1248,"3PL","3PL","W*","Normal theory",0.0400641025641026,0.0235869103272418,TRUE
"psychtools_ability",16,1248,"3PL","3PL","W*","Bootstrap",0.0705128205128205,0.0498742739764839,TRUE
"psychtools_ability",16,1248,"3PL","3PL","W*","Bootstrap by ability",0.0504807692307692,0.0499451055390282,TRUE
"psychtools_ability",16,1248,"3PL","3PL","ECI_Z2*","Normal theory",0.0296474358974359,0.0192130613401332,TRUE
"psychtools_ability",16,1248,"3PL","3PL","ECI_Z2*","Bootstrap",0.0857371794871795,0.049900835812438,TRUE
"psychtools_ability",16,1248,"3PL","3PL","ECI_Z2*","Bootstrap by ability",0.0697115384615385,0.0497768805779856,TRUE
"psychtools_ability",16,1248,"3PL","3PL","ECI_Z4*","Normal theory",0.0368589743589744,0.0327020470321575,TRUE
"psychtools_ability",16,1248,"3PL","3PL","ECI_Z4*","Bootstrap",0.0705128205128205,0.0502284317892053,TRUE
"psychtools_ability",16,1248,"3PL","3PL","ECI_Z4*","Bootstrap by ability",0.0520833333333333,0.0499938022382774,TRUE
"verbagg",24,316,"1PL","1PL","lz*","Normal theory",0.107594936708861,0.0528955696202532,FALSE
"verbagg",24,316,"1PL","1PL","lz*","Bootstrap",0.10126582278481,0.0499683544303797,FALSE
"verbagg",24,316,"1PL","1PL","lz*","Bootstrap by ability",0.10126582278481,0.0503639240506329,FALSE
"verbagg",24,316,"1PL","1PL","U*","Normal theory",0.0949367088607595,0.0507594936708861,FALSE
"verbagg",24,316,"1PL","1PL","U*","Bootstrap",0.0949367088607595,0.0500632911392405,FALSE
"verbagg",24,316,"1PL","1PL","U*","Bootstrap by ability",0.0949367088607595,0.0500791139240506,FALSE
"verbagg",24,316,"1PL","1PL","W*","Normal theory",0.120253164556962,0.0472310126582278,FALSE
"verbagg",24,316,"1PL","1PL","W*","Bootstrap",0.129746835443038,0.0499525316455696,FALSE
"verbagg",24,316,"1PL","1PL","W*","Bootstrap by ability",0.132911392405063,0.0499525316455696,FALSE
"verbagg",24,316,"1PL","1PL","ECI_Z2*","Normal theory",0.0981012658227848,0.0318196202531646,FALSE
"verbagg",24,316,"1PL","1PL","ECI_Z2*","Bootstrap",0.117088607594937,0.0500949367088608,FALSE
"verbagg",24,316,"1PL","1PL","ECI_Z2*","Bootstrap by ability",0.129746835443038,0.0502689873417722,FALSE
"verbagg",24,316,"1PL","1PL","ECI_Z4*","Normal theory",0.113924050632911,0.0402056962025316,FALSE
"verbagg",24,316,"1PL","1PL","ECI_Z4*","Bootstrap",0.126582278481013,0.0499208860759494,FALSE
"verbagg",24,316,"1PL","1PL","ECI_Z4*","Bootstrap by ability",0.136075949367089,0.0505063291139241,FALSE
"verbagg",24,316,"1PL","2PL","lz*","Normal theory",0.0981012658227848,0.0530854430379747,FALSE
"verbagg",24,316,"1PL","2PL","lz*","Bootstrap",0.0981012658227848,0.0499525316455696,FALSE
"verbagg",24,316,"1PL","2PL","lz*","Bootstrap by ability",0.0917721518987342,0.0501898734177215,FALSE
"verbagg",24,316,"1PL","2PL","U*","Normal theory",0.0886075949367088,0.0474841772151899,FALSE
"verbagg",24,316,"1PL","2PL","U*","Bootstrap",0.0886075949367088,0.05,FALSE
"verbagg",24,316,"1PL","2PL","U*","Bootstrap by ability",0.0949367088607595,0.0500316455696203,FALSE
"verbagg",24,316,"1PL","2PL","W*","Normal theory",0.120253164556962,0.0466139240506329,FALSE
"verbagg",24,316,"1PL","2PL","W*","Bootstrap",0.129746835443038,0.0501107594936709,FALSE
"verbagg",24,316,"1PL","2PL","W*","Bootstrap by ability",0.129746835443038,0.0502215189873418,FALSE
"verbagg",24,316,"1PL","2PL","ECI_Z2*","Normal theory",0.10126582278481,0.0320727848101266,FALSE
"verbagg",24,316,"1PL","2PL","ECI_Z2*","Bootstrap",0.136075949367089,0.0500632911392405,FALSE
"verbagg",24,316,"1PL","2PL","ECI_Z2*","Bootstrap by ability",0.126582278481013,0.0500632911392405,FALSE
"verbagg",24,316,"1PL","2PL","ECI_Z4*","Normal theory",0.126582278481013,0.0418354430379747,FALSE
"verbagg",24,316,"1PL","2PL","ECI_Z4*","Bootstrap",0.136075949367089,0.0499841772151899,FALSE
"verbagg",24,316,"1PL","2PL","ECI_Z4*","Bootstrap by ability",0.142405063291139,0.0502373417721519,FALSE
"verbagg",24,316,"1PL","3PL","lz*","Normal theory",0.106109324758842,0.0543834974214721,FALSE
"verbagg",24,316,"1PL","3PL","lz*","Bootstrap",0.102893890675241,0.0498459580738062,FALSE
"verbagg",24,316,"1PL","3PL","lz*","Bootstrap by ability",0.102893890675241,0.0508003482687027,FALSE
"verbagg",24,316,"1PL","3PL","U*","Normal theory",0.069620253164557,0.0457939856674034,FALSE
"verbagg",24,316,"1PL","3PL","U*","Bootstrap",0.0791139240506329,0.0501138570758824,FALSE
"verbagg",24,316,"1PL","3PL","U*","Bootstrap by ability",0.0854430379746835,0.0502980376398098,FALSE
"verbagg",24,316,"1PL","3PL","W*","Normal theory",0.0886075949367088,0.0405532114392874,FALSE
"verbagg",24,316,"1PL","3PL","W*","Bootstrap",0.10126582278481,0.049996651262474,FALSE
"verbagg",24,316,"1PL","3PL","W*","Bootstrap by ability",0.104430379746835,0.049996651262474,FALSE
"verbagg",24,316,"1PL","3PL","ECI_Z2*","Normal theory",0.0836012861736334,0.0310762842408412,FALSE
"verbagg",24,316,"1PL","3PL","ECI_Z2*","Bootstrap",0.128617363344051,0.0501306007635122,FALSE
"verbagg",24,316,"1PL","3PL","ECI_Z2*","Bootstrap by ability",0.112540192926045,0.0505826803295158,FALSE
"verbagg",24,316,"1PL","3PL","ECI_Z4*","Normal theory",0.106109324758842,0.0430982519590115,FALSE
"verbagg",24,316,"1PL","3PL","ECI_Z4*","Bootstrap",0.118971061093248,0.049996651262474,FALSE
"verbagg",24,316,"1PL","3PL","ECI_Z4*","Bootstrap by ability",0.109324758842444,0.0502645502645503,FALSE
